{"train_loss": [91586.6171875, 91551.6375, 91517.2359375, 91482.7703125, 91444.9421875, 91400.75625, 91349.14375, 91288.309375, 91216.90625, 91132.8609375, 91036.096875, 90922.9234375, 90795.4125, 90643.7984375, 90465.45, 90256.8265625, 90013.7328125, 89732.9734375, 89402.290625, 89033.0578125, 88607.13125, 88128.43125, 87586.38125, 86973.38125, 86298.884375, 85557.4515625, 84712.0671875, 83810.4203125, 82809.8515625, 81757.7671875, 80576.959375, 79342.0234375, 78003.1078125, 76614.5515625, 75097.4765625, 73544.459375, 71870.471875, 70149.69453125, 68356.29140625, 66454.84453125, 64576.9375, 62573.11640625, 60552.75625, 58456.06328125, 56352.27578125, 54285.67734375, 52120.63671875, 49970.4140625, 47838.77890625, 45693.78046875], "val_loss": [104178.4921875, 104140.53125, 104103.9296875, 104064.31640625, 104017.671875, 103963.44921875, 103900.015625, 103825.46484375, 103737.234375, 103635.24609375, 103519.4453125, 103386.21875, 103228.6875, 103043.265625, 102825.125, 102569.578125, 102271.5234375, 101927.1015625, 101534.3671875, 101085.23828125, 100577.81640625, 100005.69921875, 99363.0390625, 98647.41796875, 97848.67578125, 96961.9296875, 95995.57421875, 94933.40625, 93781.48046875, 92526.8359375, 91187.859375, 89750.87890625, 88225.77734375, 86599.89453125, 84893.0, 83089.234375, 81209.33203125, 79244.38671875, 77199.94921875, 75100.89453125, 72915.96484375, 70685.65625, 68399.921875, 66085.61328125, 63737.25, 61337.572265625, 58939.5234375, 56538.541015625, 54141.126953125, 51772.552734375]}