{"train_loss": [100323.0109375, 100298.934375, 100273.9390625, 100246.5421875, 100216.1484375, 100180.4046875, 100138.24375, 100087.6671875, 100026.9671875, 99955.45, 99870.2890625, 99769.4234375, 99650.58125, 99508.7890625, 99342.7578125, 99148.0125, 98928.8390625, 98668.7953125, 98378.9296875, 98045.80625, 97677.7640625, 97262.740625, 96789.7828125, 96273.125, 95680.85, 95046.83125, 94348.4765625, 93563.53125, 92733.7390625, 91822.1984375, 90849.1046875, 89783.3984375, 88649.7359375, 87455.284375, 86169.5609375, 84820.15625, 83387.790625, 81861.4296875, 80285.6953125, 78666.1828125, 76909.678125, 75125.7515625, 73256.0390625, 71337.85625, 69355.3515625, 67286.7109375, 65199.99375, 63021.97734375, 60820.0234375, 58574.2], "val_loss": [114273.93359375, 114247.41015625, 114218.40625, 114186.265625, 114149.37109375, 114105.375, 114053.12109375, 113990.453125, 113915.30078125, 113825.3359375, 113717.78515625, 113590.046875, 113438.9453125, 113260.8125, 113052.5703125, 112812.63671875, 112536.33984375, 112224.0859375, 111870.25390625, 111473.1640625, 111025.14453125, 110522.30078125, 109963.46484375, 109338.953125, 108653.55078125, 107895.01953125, 107060.46484375, 106156.51171875, 105170.2734375, 104104.5546875, 102954.35546875, 101726.578125, 100416.3828125, 99016.6796875, 97534.09375, 95963.5390625, 94309.640625, 92580.46484375, 90764.98046875, 88854.23046875, 86879.328125, 84821.67578125, 82691.28125, 80483.5625, 78202.3671875, 75861.76171875, 73447.02734375, 70982.7421875, 68464.19140625, 65901.67578125], "train_mae": [309.39691162109375, 309.35882568359375, 309.31854248046875, 309.27532958984375, 309.22662353515625, 309.169921875, 309.1022644042969, 309.0217590332031, 308.92608642578125, 308.8127746582031, 308.6784973144531, 308.5176086425781, 308.32843017578125, 308.1037902832031, 307.83917236328125, 307.5314636230469, 307.1791687011719, 306.7677917480469, 306.30517578125, 305.7750244140625, 305.1839294433594, 304.51251220703125, 303.75634765625, 302.9097900390625, 301.966064453125, 300.9275817871094, 299.7770080566406, 298.5035400390625, 297.1327819824219, 295.6252136230469, 293.98876953125, 292.2266540527344, 290.31866455078125, 288.2901306152344, 286.093505859375, 283.7534484863281, 281.2762451171875, 278.6200256347656, 275.82025146484375, 272.88397216796875, 269.7360534667969, 266.46392822265625, 263.0169372558594, 259.4018249511719, 255.6064453125, 251.6129608154297, 247.49252319335938, 243.1293487548828, 238.6087188720703, 233.94070434570312], "val_mae": [318.94342041015625, 318.9048156738281, 318.8626403808594, 318.81622314453125, 318.7630310058594, 318.6996154785156, 318.62451171875, 318.53521728515625, 318.42840576171875, 318.30078125, 318.1484375, 317.9676818847656, 317.7536926269531, 317.5012512207031, 317.2060241699219, 316.86492919921875, 316.470458984375, 316.02252197265625, 315.5127868652344, 314.93829345703125, 314.2880554199219, 313.55535888671875, 312.7382507324219, 311.82208251953125, 310.81280517578125, 309.6914978027344, 308.4543151855469, 307.10797119140625, 305.63177490234375, 304.02947998046875, 302.291015625, 300.42327880859375, 298.4168701171875, 296.25787353515625, 293.95355224609375, 291.4924011230469, 288.877197265625, 286.11724853515625, 283.1903076171875, 280.07635498046875, 276.8213806152344, 273.3896484375, 269.791748046875, 266.01171875, 262.05084228515625, 257.9221496582031, 253.5904998779297, 249.0915069580078, 244.4078369140625, 239.5473175048828], "train_r2": [-20.82189178466797, -20.81665802001953, -20.811220169067383, -20.805261611938477, -20.79865074157715, -20.790876388549805, -20.78170394897461, -20.770700454711914, -20.757497787475586, -20.741945266723633, -20.723419189453125, -20.701480865478516, -20.675628662109375, -20.644786834716797, -20.60866928100586, -20.566312789916992, -20.51863670349121, -20.462078094482422, -20.399024963378906, -20.32656478881836, -20.246509552001953, -20.15623664855957, -20.05335807800293, -19.940977096557617, -19.812145233154297, -19.674240112304688, -19.522335052490234, -19.351598739624023, -19.17110252380371, -18.972827911376953, -18.761165618896484, -18.529356002807617, -18.282764434814453, -18.0229549407959, -17.743288040161133, -17.44976806640625, -17.13820457458496, -16.806198120117188, -16.463449478149414, -16.11117935180664, -15.72911262512207, -15.34107780456543, -14.934385299682617, -14.51715087890625, -14.085921287536621, -13.635960578918457, -13.182061195373535, -12.708308219909668, -12.22934627532959, -11.7408447265625], "val_r2": [-18.888267517089844, -18.883697509765625, -18.87869644165039, -18.873159408569336, -18.866775512695312, -18.85915184020996, -18.85011863708496, -18.83934783935547, -18.82645034790039, -18.81106185913086, -18.792695999145508, -18.770893096923828, -18.74508285522461, -18.714635848999023, -18.679067611694336, -18.638032913208008, -18.59067726135254, -18.537012100219727, -18.47605323791504, -18.407493591308594, -18.330045700073242, -18.242979049682617, -18.146177291870117, -18.037948608398438, -17.919118881225586, -17.787546157836914, -17.642925262451172, -17.4862060546875, -17.315185546875, -17.130496978759766, -16.931203842163086, -16.71841812133789, -16.491321563720703, -16.248672485351562, -15.991655349731445, -15.719371795654297, -15.432600021362305, -15.132772445678711, -14.817962646484375, -14.486623764038086, -14.144224166870117, -13.787558555603027, -13.418383598327637, -13.035861015319824, -12.640804290771484, -12.235453605651855, -11.81711483001709, -11.39016342163086, -10.953843116760254, -10.509905815124512]}