{"train_loss": [100169.290625, 100137.7328125, 100101.64375, 100060.3984375, 100015.9140625, 99964.0703125, 99905.5375, 99836.3625, 99756.4828125, 99662.60625, 99552.1546875, 99422.2921875, 99267.8296875, 99087.1015625, 98877.1859375, 98638.875, 98352.2796875, 98030.4484375, 97666.425, 97249.15, 96780.5125, 96252.35625, 95664.696875, 95012.740625, 94285.0640625, 93495.94375, 92602.9953125, 91658.775, 90623.3375, 89494.6140625, 88279.8046875, 86987.225, 85607.278125, 84152.5515625, 82560.4703125, 80906.378125, 79162.2578125, 77296.94375, 75370.6359375, 73312.1015625, 71209.546875, 68992.13125, 66730.85546875, 64334.54296875, 61953.971875, 59462.90078125, 56932.17734375, 54378.665625, 51765.89609375, 49183.19765625], "val_loss": [114111.8828125, 114073.953125, 114030.7734375, 113982.40625, 113928.08984375, 113866.40234375, 113795.21484375, 113712.04296875, 113613.66796875, 113497.73828125, 113360.87109375, 113199.9921875, 113012.1015625, 112792.6875, 112537.40625, 112240.828125, 111902.37109375, 111514.84375, 111073.55078125, 110575.11328125, 110011.5859375, 109380.53125, 108677.05859375, 107897.65234375, 107035.82421875, 106084.7578125, 105050.08984375, 103918.55859375, 102694.19921875, 101378.828125, 99972.37890625, 98469.30859375, 96866.359375, 95155.43359375, 93350.73828125, 91433.88671875, 89402.921875, 87270.7734375, 85023.5703125, 82685.01953125, 80241.15234375, 77715.18359375, 75096.8515625, 72418.12890625, 69649.798828125, 66827.140625, 63953.62109375, 61036.4453125, 58099.53125, 55133.55859375], "train_mae": [309.14642333984375, 309.09515380859375, 309.03729248046875, 308.9718322753906, 308.89971923828125, 308.8167419433594, 308.72296142578125, 308.61297607421875, 308.4849853515625, 308.3336486816406, 308.1563415527344, 307.9472351074219, 307.70062255859375, 307.4122619628906, 307.07464599609375, 306.68487548828125, 306.2282409667969, 305.7120056152344, 305.119140625, 304.44537353515625, 303.68719482421875, 302.8292541503906, 301.87335205078125, 300.8053894042969, 299.61297607421875, 298.2971496582031, 296.84356689453125, 295.26416015625, 293.51995849609375, 291.62518310546875, 289.57537841796875, 287.3785400390625, 285.00201416015625, 282.4695129394531, 279.70050048828125, 276.7815246582031, 273.65289306640625, 270.28363037109375, 266.7171325683594, 262.9324951171875, 258.9165344238281, 254.68386840820312, 250.2502899169922, 245.53164672851562, 240.65933227539062, 235.52578735351562, 230.19076538085938, 224.6458740234375, 218.80282592773438, 212.9049072265625], "val_mae": [318.68768310546875, 318.6312561035156, 318.56781005859375, 318.4971618652344, 318.4178161621094, 318.3276062011719, 318.22332763671875, 318.1015930175781, 317.9583740234375, 317.78973388671875, 317.59063720703125, 317.3564453125, 317.08245849609375, 316.76251220703125, 316.3901062011719, 315.9571533203125, 315.4620056152344, 314.8928527832031, 314.2435302734375, 313.5084228515625, 312.67730712890625, 311.7448425292969, 310.7018737792969, 309.54095458984375, 308.2548522949219, 306.82977294921875, 305.27374267578125, 303.56427001953125, 301.7019958496094, 299.6868896484375, 297.51702880859375, 295.1805114746094, 292.66827392578125, 289.96173095703125, 287.0798645019531, 283.98785400390625, 280.673583984375, 277.1502990722656, 273.3874816894531, 269.4178771972656, 265.207763671875, 260.7834167480469, 256.1182861328125, 251.26071166992188, 246.1400146484375, 240.8058624267578, 235.25064086914062, 229.4727325439453, 223.50588989257812, 217.3133087158203], "train_r2": [-20.788455963134766, -20.78158950805664, -20.77374267578125, -20.764772415161133, -20.755096435546875, -20.74381446838379, -20.7310848236084, -20.716039657592773, -20.69866180419922, -20.67824363708496, -20.654220581054688, -20.6259765625, -20.592376708984375, -20.553062438964844, -20.507400512695312, -20.455564498901367, -20.393226623535156, -20.32322120666504, -20.244043350219727, -20.153278350830078, -20.051342010498047, -19.936458587646484, -19.808629989624023, -19.666826248168945, -19.508541107177734, -19.336894989013672, -19.142662048339844, -18.937280654907227, -18.71205711364746, -18.46653938293457, -18.202301025390625, -17.921142578125, -17.620983123779297, -17.30455207824707, -16.958251953125, -16.59845733642578, -16.219083786010742, -15.813346862792969, -15.394344329833984, -14.94658088684082, -14.489240646362305, -14.006916999816895, -13.51504898071289, -12.99381160736084, -12.475998878479004, -11.934150695800781, -11.383678436279297, -10.828248023986816, -10.259928703308105, -9.698148727416992], "val_r2": [-18.858264923095703, -18.851545333862305, -18.843975067138672, -18.835538864135742, -18.82606315612793, -18.815296173095703, -18.80284881591797, -18.788326263427734, -18.771223068237305, -18.7510929107666, -18.727317810058594, -18.699377059936523, -18.66670799255371, -18.628570556640625, -18.584209442138672, -18.532697677612305, -18.47388458251953, -18.40635871887207, -18.32946014404297, -18.24258804321289, -18.144554138183594, -18.03485107421875, -17.912601470947266, -17.7769775390625, -17.62718963623047, -17.461811065673828, -17.282041549682617, -17.085561752319336, -16.872867584228516, -16.644304275512695, -16.399913787841797, -16.13874626159668, -15.860296249389648, -15.56301498413086, -15.249505996704102, -14.916611671447754, -14.563796043395996, -14.193315505981445, -13.80274772644043, -13.39653205871582, -12.972237586975098, -12.533682823181152, -12.079205513000488, -11.61469841003418, -11.134714126586914, -10.64531421661377, -10.147103309631348, -9.641390800476074, -9.132342338562012, -8.618340492248535]}