{"train_loss": [12553.3341796875, 12416.4474609375, 12129.016015625, 11551.078515625, 10505.63671875, 8933.77666015625, 6856.94716796875, 4746.269189453125, 3313.551416015625, 3450.013671875, 3479.543701171875, 3071.605615234375, 2849.83740234375, 2838.6058349609375, 2716.309619140625, 2555.59384765625, 2435.169140625, 2321.597021484375, 2189.7855224609375, 2055.031494140625, 1907.2481201171875, 1760.61640625, 1602.75810546875, 1451.3781494140626, 1271.2726318359375, 1083.7984130859375, 913.7384765625, 748.503173828125, 589.4145751953125, 439.5086303710938, 326.19532165527346, 234.90863952636718, 163.80853576660155, 117.97203674316407, 85.68893890380859, 67.30785369873047, 54.54383773803711, 45.89061965942383, 39.767163848876955, 34.457044982910155, 30.595195770263672, 26.598851013183594, 23.504378890991212, 20.4357816696167, 17.737905311584473, 15.523710441589355, 13.643824005126953, 11.977711296081543, 10.693461608886718, 9.315533065795899, 8.265966510772705, 7.580309772491455, 6.747826194763183, 5.8728076934814455, 5.245308971405029, 4.702060174942017, 4.326252412796021, 3.90008282661438, 3.568759393692017, 3.310353469848633, 3.0860947608947753, 2.9131839752197264, 2.7013930082321167, 2.5956344604492188, 2.5193061590194703, 2.34529504776001, 2.2590052843093873, 2.1691654682159425, 2.0869961023330688, 2.03916072845459, 1.987592887878418, 1.9311126947402955, 1.8914993047714233, 1.8568276643753052, 1.803873324394226, 1.8107029438018798, 1.781861662864685, 1.7194443225860596, 1.7418066740036011, 1.72975697517395, 1.6346813440322876, 1.698585319519043, 1.6212725400924684, 1.627436923980713, 1.593622660636902, 1.5927899360656739, 1.6012933492660522, 1.60498366355896, 1.5816962718963623, 1.5275463104248046, 1.5370534181594848, 1.5493269205093383, 1.5361684083938598, 1.5576006650924683, 1.4960734367370605, 1.4828489303588868, 1.4971330642700196, 1.4712161302566529, 1.4525177717208861, 1.4714137315750122], "val_loss": [16211.60986328125, 15945.39697265625, 15366.015625, 14274.21826171875, 12491.6669921875, 9940.3154296875, 6868.650390625, 4113.2952880859375, 2996.6141357421875, 3018.8406982421875, 2806.4390869140625, 2787.2510986328125, 2896.642578125, 2929.15625, 2655.0653076171875, 2392.209228515625, 2220.0123291015625, 2132.8124389648438, 2058.9017333984375, 1918.0823364257812, 1798.7192993164062, 1679.2007446289062, 1486.6383056640625, 1292.3857421875, 1186.788818359375, 1025.2744140625, 837.895751953125, 695.2108764648438, 524.8101806640625, 394.07373046875, 307.93885803222656, 237.93230438232422, 143.1138153076172, 109.90312194824219, 91.72616195678711, 59.03624153137207, 48.05916213989258, 42.46963882446289, 34.34895896911621, 29.05519962310791, 24.985817909240723, 21.6188383102417, 19.405234336853027, 16.265950679779053, 15.343039512634277, 13.519588470458984, 11.631052017211914, 10.795488834381104, 9.06996488571167, 8.576052188873291, 7.395294904708862, 6.045181751251221, 6.475406169891357, 4.801417231559753, 4.3650102615356445, 4.013089418411255, 3.7147154808044434, 3.2162808179855347, 3.0816867351531982, 2.842580199241638, 2.647363841533661, 2.456768572330475, 2.408265709877014, 2.2154495120048523, 2.1555516123771667, 2.1505117416381836, 1.9847736358642578, 1.929975986480713, 1.878233015537262, 1.8294459581375122, 1.7947095036506653, 1.7449764013290405, 1.725358247756958, 1.6841473579406738, 1.684785008430481, 1.6776398420333862, 1.628039538860321, 1.6683694124221802, 1.6134560108184814, 1.6265442371368408, 1.688827633857727, 1.6003982424736023, 1.5399566292762756, 1.5530743598937988, 1.522773265838623, 1.5186181664466858, 1.5124818086624146, 1.5412434935569763, 1.486610770225525, 1.5411030650138855, 1.4754623174667358, 1.462217390537262, 1.5510823130607605, 1.428914725780487, 1.5725650191307068, 1.4151760339736938, 1.4235612154006958, 1.5009071230888367, 1.404074490070343, 1.4902904033660889], "train_mae": [95.38810729980469, 94.68013763427734, 93.16856384277344, 90.01434326171875, 84.29781341552734, 76.06912994384766, 65.19508361816406, 55.85313034057617, 48.4273796081543, 50.31071853637695, 50.21102523803711, 47.663360595703125, 45.828426361083984, 45.525245666503906, 44.72013473510742, 43.61202621459961, 42.80881118774414, 41.79591369628906, 40.643096923828125, 39.485572814941406, 38.076637268066406, 36.69664764404297, 35.076393127441406, 33.41062545776367, 31.382156372070312, 29.11455726623535, 26.78091812133789, 24.195167541503906, 21.328289031982422, 18.325084686279297, 15.545967102050781, 13.074773788452148, 10.700610160827637, 8.847600936889648, 7.645638942718506, 6.759932518005371, 6.1398820877075195, 5.592416763305664, 5.224931716918945, 4.869109153747559, 4.554717540740967, 4.2417073249816895, 3.9950995445251465, 3.7018990516662598, 3.437020778656006, 3.2194271087646484, 3.0125346183776855, 2.8169896602630615, 2.6564784049987793, 2.4732933044433594, 2.33413028717041, 2.1798384189605713, 2.066365957260132, 1.9331241846084595, 1.7661561965942383, 1.6718463897705078, 1.6229076385498047, 1.4891180992126465, 1.4101893901824951, 1.368358850479126, 1.3269901275634766, 1.2523515224456787, 1.208188533782959, 1.2260591983795166, 1.1618387699127197, 1.141066312789917, 1.1359546184539795, 1.0999042987823486, 1.077932596206665, 1.0688341856002808, 1.0642247200012207, 1.0518356561660767, 1.042547583580017, 1.03361976146698, 1.0229753255844116, 1.0164682865142822, 1.0232855081558228, 1.010598063468933, 1.011612057685852, 1.0248191356658936, 1.0020601749420166, 1.0049992799758911, 0.9918078184127808, 1.000422477722168, 0.9849377870559692, 0.9870097041130066, 0.9929468035697937, 0.9825491905212402, 1.005921721458435, 0.9734455347061157, 0.97334223985672, 0.9883866310119629, 0.9814874529838562, 0.9812424778938293, 0.9612401723861694, 0.9562482833862305, 0.9781689643859863, 0.9602586627006531, 0.9581165313720703, 0.9676269292831421], "val_mae": [101.75614929199219, 100.65360260009766, 98.23359680175781, 93.54488372802734, 85.75859069824219, 75.56446838378906, 63.185935974121094, 53.925132751464844, 48.4107780456543, 49.4392204284668, 47.58919143676758, 46.52586364746094, 47.05292510986328, 46.94017028808594, 45.20915222167969, 43.354164123535156, 41.7852897644043, 41.06721878051758, 40.39016342163086, 39.05128860473633, 37.84193420410156, 36.547080993652344, 34.46875, 32.119651794433594, 30.67972183227539, 28.387466430664062, 25.690378189086914, 23.15718650817871, 20.069652557373047, 17.334205627441406, 14.902934074401855, 12.818662643432617, 10.360482215881348, 8.659463882446289, 7.352585792541504, 6.035690784454346, 5.283637523651123, 4.621203422546387, 4.172590255737305, 3.84552264213562, 3.592944622039795, 3.3737339973449707, 3.156244993209839, 3.0389347076416016, 2.8061680793762207, 2.6554675102233887, 2.5365588665008545, 2.363734006881714, 2.2705416679382324, 2.1148533821105957, 1.9907535314559937, 1.949824571609497, 1.8097469806671143, 1.7212703227996826, 1.602861762046814, 1.5294899940490723, 1.468185544013977, 1.4516264200210571, 1.3528999090194702, 1.3101261854171753, 1.2737971544265747, 1.267207384109497, 1.2335052490234375, 1.1860926151275635, 1.1935347318649292, 1.1890400648117065, 1.1428377628326416, 1.1321042776107788, 1.1198729276657104, 1.1126744747161865, 1.0966322422027588, 1.0918972492218018, 1.0794978141784668, 1.076576590538025, 1.0638998746871948, 1.0537625551223755, 1.0559924840927124, 1.0410438776016235, 1.0382803678512573, 1.0638554096221924, 1.0414199829101562, 1.0286524295806885, 1.0271246433258057, 1.0191127061843872, 1.013456106185913, 1.0118834972381592, 1.006850004196167, 1.0047829151153564, 1.0008705854415894, 1.0028188228607178, 0.995632529258728, 1.003551959991455, 1.003147006034851, 0.9935330152511597, 1.008804440498352, 0.9859679937362671, 0.981938362121582, 0.9910225868225098, 0.9827324151992798, 0.9851309061050415],