{"train_loss": [100157.025, 100125.3328125, 100090.271875, 100052.153125, 100011.7140625, 99968.5609375, 99922.8796875, 99870.503125, 99811.7828125, 99744.496875, 99666.3875, 99574.1078125, 99468.2453125, 99342.83125, 99195.7953125, 99029.546875, 98833.7453125, 98609.6671875, 98355.203125, 98063.3015625, 97733.9765625, 97368.9234375, 96945.2453125, 96485.3984375, 95963.975, 95403.00625, 94754.7421875, 94047.1625, 93283.225, 92409.425, 91477.2171875, 90456.084375, 89360.5609375, 88174.46875, 86881.6984375, 85538.16875, 84062.3171875, 82525.1, 80897.6578125, 79146.8640625, 77339.9703125, 75454.76171875, 73436.08359375, 71455.790625, 69308.7765625, 67104.60859375, 64836.7078125, 62547.996875, 60186.640625, 57798.40234375], "val_loss": [114087.3984375, 114050.1171875, 114009.41796875, 113964.81640625, 113916.62109375, 113866.00390625, 113810.546875, 113748.90625, 113678.15234375, 113595.640625, 113499.1328125, 113387.18359375, 113255.8828125, 113102.7578125, 112924.83203125, 112717.49609375, 112479.1015625, 112205.87109375, 111893.76171875, 111541.484375, 111145.43359375, 110699.2734375, 110202.515625, 109644.81640625, 109025.16015625, 108333.1484375, 107572.19140625, 106729.24609375, 105794.921875, 104780.609375, 103673.6875, 102474.875, 101178.3203125, 99784.3515625, 98296.3984375, 96696.890625, 95003.859375, 93204.1328125, 91301.9296875, 89313.484375, 87226.94140625, 85042.9765625, 82791.3671875, 80423.02734375, 77988.93359375, 75488.703125, 72928.76171875, 70299.64453125, 67620.896484375, 64892.37890625], "train_mae": [309.12823486328125, 309.07806396484375, 309.0225524902344, 308.96240234375, 308.8976745605469, 308.82879638671875, 308.75531005859375, 308.67315673828125, 308.5793762207031, 308.4720764160156, 308.34771728515625, 308.2013854980469, 308.032470703125, 307.83319091796875, 307.6015930175781, 307.3348083496094, 307.02276611328125, 306.664794921875, 306.256103515625, 305.78765869140625, 305.26361083984375, 304.66973876953125, 303.99859619140625, 303.25128173828125, 302.4166259765625, 301.4883117675781, 300.44183349609375, 299.29119873046875, 298.02227783203125, 296.5947570800781, 295.05023193359375, 293.34625244140625, 291.50537109375, 289.4892272949219, 287.3203125, 284.98907470703125, 282.44464111328125, 279.7524108886719, 276.8811340332031, 273.7744445800781, 270.5120544433594, 267.0406188964844, 263.3713073730469, 259.5758056640625, 255.4895782470703, 251.2318572998047, 246.7740478515625, 242.16470336914062, 237.3292236328125, 232.2935333251953], "val_mae": [318.6653137207031, 318.6111755371094, 318.5519714355469, 318.4873352050781, 318.418212890625, 318.34539794921875, 318.265625, 318.1767578125, 318.07476806640625, 317.956298828125, 317.81829833984375, 317.6582946777344, 317.4707336425781, 317.25091552734375, 316.99462890625, 316.6957702636719, 316.3517761230469, 315.95648193359375, 315.50445556640625, 314.99334716796875, 314.417724609375, 313.76837158203125, 313.0450134277344, 312.2308654785156, 311.32379150390625, 310.3065490722656, 309.18426513671875, 307.9352111816406, 306.54339599609375, 305.02423095703125, 303.35662841796875, 301.53936767578125, 299.5599670410156, 297.4158630371094, 295.10992431640625, 292.61090087890625, 289.9425964355469, 287.07891845703125, 284.01947021484375, 280.7856140136719, 277.35101318359375, 273.7100524902344, 269.9035339355469, 265.84075927734375, 261.5990295410156, 257.16876220703125, 252.5516357421875, 247.7196502685547, 242.69677734375, 237.47189331054688], "train_r2": [-20.785789489746094, -20.77889633178711, -20.771270751953125, -20.762977600097656, -20.754180908203125, -20.744796752929688, -20.734859466552734, -20.723468780517578, -20.710693359375, -20.696060180664062, -20.679067611694336, -20.658998489379883, -20.635967254638672, -20.608688354492188, -20.576705932617188, -20.540542602539062, -20.497957229614258, -20.449214935302734, -20.39386558532715, -20.33036994934082, -20.25873374938965, -20.179330825805664, -20.08717155456543, -19.987150192260742, -19.873729705810547, -19.751710891723633, -19.61070442199707, -19.4567928314209, -19.290626525878906, -19.100557327270508, -18.897790908813477, -18.675674438476562, -18.437381744384766, -18.179386138916016, -17.898189544677734, -17.6059513092041, -17.28492546081543, -16.950559616088867, -16.5965633392334, -16.215734481811523, -15.822704315185547, -15.412641525268555, -14.973546028137207, -14.542803764343262, -14.075789451599121, -13.59634780883789, -13.103042602539062, -12.605213165283203, -12.091578483581543, -11.572096824645996], "val_r2": [-18.855052947998047, -18.848526000976562, -18.841400146484375, -18.83360481262207, -18.82526969909668, -18.816495895385742, -18.806865692138672, -18.796144485473633, -18.783851623535156, -18.769580841064453, -18.752960205078125, -18.733692169189453, -18.711116790771484, -18.68471336364746, -18.65398597717285, -18.61819076538086, -18.57701873779297, -18.529747009277344, -18.475757598876953, -18.41480255126953, -18.34624671936035, -18.2690372467041, -18.183176040649414, -18.086774826049805, -17.979663848876953, -17.859935760498047, -17.72831916809082, -17.582433700561523, -17.420635223388672, -17.244892120361328, -17.05303192138672, -16.84522819519043, -16.620376586914062, -16.378551483154297, -16.120458602905273, -15.843038558959961, -15.549459457397461, -15.237386703491211, -14.907428741455078, -14.562518119812012, -14.200571060180664, -13.821745872497559, -13.431147575378418, -13.020308494567871, -12.598063468933105, -12.164351463317871, -11.720295906066895, -11.26425552368164, -10.799609184265137, -10.32640552520752]}